patch_id,status,sapling_id,timestamp,lat,lon,species_ai,tree_guard,grazing_damage,physical_damage,waterlogged,canopy_openness_pct,height_cm,data_origin,notes
P01,missing,S001,2026-09-27T13:09:27,26.191055,91.699263,,none,no,none,no,48,,observed,"Barak: no sapling at spot beside concrete drain; green stagnant water in drain (site itself not waterlogged) | photo P01_S001_v1.jpg | lat/lon, height_cm, canopy % are random placeholders"
P01,missing,S002,2026-09-27T13:09:28,26.190745,91.699266,,none,no,none,no,42,,observed,"Barak: no sapling at spot beside drain grate | photo P01_S002_v1.jpg | lat/lon, height_cm, canopy % are random placeholders"
P01,missing,S003,2026-09-27T13:09:29,26.190916,91.699242,,none,no,none,no,41,,observed,"Barak: overview photo of plantation strip beside hostel block; no sapling visible | photo P01_S003_v1.jpg | lat/lon, height_cm, canopy % are random placeholders"
P01,missing,S004,2026-09-27T13:09:30,26.190991,91.699485,,none,no,none,no,48,,observed,"Barak: overview photo along building and drain; no sapling visible | photo P01_S004_v1.jpg | lat/lon, height_cm, canopy % are random placeholders"
P01,missing,S005,2026-09-27T13:09:31,26.190813,91.699444,,none,no,none,no,60,,observed,"Barak: no sapling; grassy soil near exposed pipe; plastic litter | photo P01_S005_v1.jpg | lat/lon, height_cm, canopy % are random placeholders"
P01,missing,S006,2026-09-27T13:09:33,26.191047,91.699505,,none,no,none,no,40,,observed,"Barak: no sapling; bare ground among surface roots of mature tree | photo P01_S006_v1.jpg | lat/lon, height_cm, canopy % are random placeholders"
P01,alive,S007,2026-09-27T13:09:34,26.190985,91.699355,Mangifera indica,none,no,none,no,39,66,observed,"Barak: mango growth at base of mature tree with new red flush; may be basal shoots of the tree, not a planted sapling; species confidence medium | photo P01_S007_v1.jpg | lat/lon, height_cm, canopy % are random placeholders"
P01,alive,S007,2026-09-27T13:09:35,26.190985,91.699355,Mangifera indica,none,no,none,no,39,66,observed,"Barak: close view of same mango growth; leaves healthy | photo P01_S007_v2.jpg | lat/lon, height_cm, canopy % are random placeholders"
P01,missing,S008,2026-09-27T13:09:36,26.191078,91.699353,,none,no,none,no,37,,observed,"Barak: no sapling; adjacent drain has stagnant water with orange film | photo P01_S008_v1.jpg | lat/lon, height_cm, canopy % are random placeholders"
P01,missing,S008,2026-09-27T13:09:37,26.191078,91.699353,,none,no,none,no,37,,observed,"Barak: same drain spot, other angle | photo P01_S008_v2.jpg | lat/lon, height_cm, canopy % are random placeholders"
P01,missing,S009,2026-09-27T13:09:38,26.19087,91.699361,,none,no,none,no,46,,observed,"Barak: no sapling; heavy leaf litter, dry debris, small weeds | photo P01_S009_v1.jpg | lat/lon, height_cm, canopy % are random placeholders"
P01,missing,S009,2026-09-27T13:09:39,26.19087,91.699361,,none,no,none,no,46,,observed,"Barak: same spot, wider framing | photo P01_S009_v2.jpg | lat/lon, height_cm, canopy % are random placeholders"
P01,missing,S010,2026-09-27T13:09:40,26.190951,91.699523,,none,no,none,no,58,,observed,"Barak: no sapling; leaf litter beside drain edge | photo P01_S010_v1.jpg | lat/lon, height_cm, canopy % are random placeholders"
P02,missing,S011,2026-09-27T13:09:42,26.189442,91.70007,,damaged,no,none,no,32,,observed,"Umiam: rusted angle-iron guard frame with mesh remnant; no sapling; heavy vine overgrowth | photo P02_S011_v1.jpg | lat/lon, height_cm, canopy % are random placeholders"
P02,missing,S012,2026-09-27T13:09:43,26.189304,91.70013,,damaged,no,none,no,40,,observed,"Umiam: rusted guard stake leaning; no sapling; creepers, dumped straw, plastic bottle and waste | photo P02_S012_v1.jpg | lat/lon, height_cm, canopy % are random placeholders"
P02,missing,S013,2026-09-27T13:09:44,26.189499,91.700335,,none,no,none,no,38,,observed,"Umiam: no sapling; white sheet and plastic bottle dumped; vine overgrowth; open field behind | photo P02_S013_v1.jpg | lat/lon, height_cm, canopy % are random placeholders"
P02,missing,S013,2026-09-27T13:09:45,26.189499,91.700335,,none,no,none,no,38,,observed,"Umiam: same spot, closer | photo P02_S013_v2.jpg | lat/lon, height_cm, canopy % are random placeholders"
P03,alive,S014,2026-09-27T13:09:46,26.191191,91.701864,Unidentified flowering shrub (peach trumpet flowers),none,no,none,no,87,138,observed,"Kameng: healthy and flowering, beside lamp-post in lawn; support stake present; species confidence low | photo P03_S014_v1.jpg | lat/lon, height_cm, canopy % are random placeholders"
P03,alive,S014,2026-09-27T13:09:47,26.191191,91.701864,Unidentified flowering shrub (peach trumpet flowers),none,no,none,no,87,138,observed,"Kameng: stem base of same plant with leaning metal stake; one lower branch lying low; tall grass at base | photo P03_S014_v2.jpg | lat/lon, height_cm, canopy % are random placeholders"
P03,alive,S014,2026-09-27T13:09:51,26.191191,91.701864,Unidentified flowering shrub (peach trumpet flowers),none,no,none,no,87,138,observed,"Kameng: same plant, full view | photo P03_S014_v3.jpg | lat/lon, height_cm, canopy % are random placeholders"
P03,alive,S014,2026-09-27T13:09:53,26.191191,91.701864,Unidentified flowering shrub (peach trumpet flowers),none,no,none,no,87,138,observed,"Kameng: same plant, wider view with hostel behind | photo P03_S014_v4.jpg | lat/lon, height_cm, canopy % are random placeholders"
P03,stressed,S015,2026-09-27T13:09:55,26.191477,91.702147,Unidentified broadleaf sapling,none,no,none,no,83,122,observed,"Kameng: main shoot leafy but several lateral twigs dry and leafless (dieback); thin stake with white tie; beside paved path | photo P03_S015_v1.jpg | lat/lon, height_cm, canopy % are random placeholders"
P03,alive,S016,2026-09-27T13:09:58,26.191222,91.702068,Unidentified broadleaf sapling,none,no,other,no,91,85,observed,"Kameng: main stem leaning almost horizontal, possibly bent or knocked over; weeds around base | photo P03_S016_v1.jpg | lat/lon, height_cm, canopy % are random placeholders"
P03,stressed,S017,2026-09-27T13:10:01,26.191255,91.701914,Unidentified broadleaf sapling,none,no,none,no,88,112,observed,"Kameng: some dry leafless branches (dieback), new leaves on others; stake with white tie | photo P03_S017_v1.jpg | lat/lon, height_cm, canopy % are random placeholders"
P03,alive,S018,2026-09-27T13:10:03,26.191459,91.702072,Unidentified broadleaf sapling,none,no,none,no,85,184,observed,"Kameng: tall thin sapling with support stake in lawn in front of hostel block | photo P03_S018_v1.jpg | lat/lon, height_cm, canopy % are random placeholders"
P04,stressed,S019,2026-09-27T13:10:05,26.191384,91.701898,Unidentified succulent,none,no,none,no,32,9,observed,"Kameng balcony: planter with small spotted succulent partly alive, dry litter in soil; round pot in frame is S020 | photo P04_S019_v1.jpg | lat/lon, height_cm, canopy % are random placeholders"
P04,dead,S020,2026-09-27T13:10:07,26.191478,91.702069,,none,no,none,no,27,25,observed,"Kameng balcony: pot with only dry dead stems; species not identifiable | photo P04_S020_v1.jpg | lat/lon, height_cm, canopy % are random placeholders"
P04,stressed,S021,2026-09-27T13:10:09,26.191239,91.702115,Chlorophytum comosum,none,no,none,no,21,28,observed,"Kameng balcony: spider plant, many leaves dried/brown, some green remain | photo P04_S021_v1.jpg | lat/lon, height_cm, canopy % are random placeholders"
P04,stressed,S021,2026-09-27T13:10:10,26.191239,91.702115,Chlorophytum comosum,none,no,none,no,21,28,observed,"Kameng balcony: same pot, other angle | photo P04_S021_v2.jpg | lat/lon, height_cm, canopy % are random placeholders"
P04,alive,S022,2026-09-27T13:10:12,26.191418,91.702129,Epipremnum aureum,none,no,none,no,32,43,observed,"Kameng balcony: money plant with wooden support stick; healthy variegated leaves | photo P04_S022_v1.jpg | lat/lon, height_cm, canopy % are random placeholders"
P04,alive,S022,2026-09-27T13:10:13,26.191418,91.702129,Epipremnum aureum,none,no,none,no,32,43,observed,"Kameng balcony: same plant; dark blotch on one upper leaf (possible leaf spot or scorch) | photo P04_S022_v2.jpg | lat/lon, height_cm, canopy % are random placeholders"
P04,alive,S022,2026-09-27T13:10:15,26.191418,91.702129,Epipremnum aureum,none,no,none,no,32,43,observed,"Kameng balcony: same plant, other angle | photo P04_S022_v3.jpg | lat/lon, height_cm, canopy % are random placeholders"
P05,alive,S023,2026-09-27T15:07:08,26.198359,91.689221,Tradescantia spathacea,none,no,none,no,90,15,observed,"Main gate: Ornamental groundcover bed (oyster plant), many healthy plants; not a tree sapling | photo P05_S023_v1.jpg | timestamp from photo EXIF; lat/lon (approx. near Main gate), height_cm, canopy % are random placeholders"
P05,missing,S024,2026-09-27T15:10:33,26.198158,91.689529,,none,no,none,no,26,,observed,"Main gate: No sapling; soil and roots at base of mature tree | photo P05_S024_v1.jpg | timestamp from photo EXIF; lat/lon (approx. near Main gate), height_cm, canopy % are random placeholders"
P05,missing,S025,2026-09-27T15:10:47,26.198566,91.689828,,none,no,none,no,21,,observed,"Main gate: No sapling; freshly disturbed soil, possibly an empty planting pit | photo P05_S025_v1.jpg | timestamp from photo EXIF; lat/lon (approx. near Main gate), height_cm, canopy % are random placeholders"
P05,missing,S026,2026-09-27T15:11:05,26.19813,91.689447,,none,no,none,no,42,,observed,"Main gate: No sapling; bare soil with grass and weeds | photo P05_S026_v1.jpg | timestamp from photo EXIF; lat/lon (approx. near Main gate), height_cm, canopy % are random placeholders"
P05,missing,S027,2026-09-27T15:11:25,26.198293,91.689541,,none,no,none,no,41,,observed,"Main gate: No sapling; creeper growing on chain-link boundary fence | photo P05_S027_v1.jpg | timestamp from photo EXIF; lat/lon (approx. near Main gate), height_cm, canopy % are random placeholders"
P05,missing,S028,2026-09-27T15:11:45,26.198761,91.689199,,none,no,none,yes,47,,observed,"Main gate: No sapling; saturated mud with footprints | photo P05_S028_v1.jpg | timestamp from photo EXIF; lat/lon (approx. near Main gate), height_cm, canopy % are random placeholders"
P05,missing,S028,2026-09-27T15:11:48,26.198761,91.689199,,none,no,none,yes,47,,observed,"Main gate: No sapling; same muddy spot, closer | photo P05_S028_v2.jpg | timestamp from photo EXIF; lat/lon (approx. near Main gate), height_cm, canopy % are random placeholders"
P05,missing,S029,2026-09-27T15:13:09,26.198605,91.689566,,none,no,none,no,41,,observed,"Main gate: No sapling; bare gravelly ground with leaf litter | photo P05_S029_v1.jpg | timestamp from photo EXIF; lat/lon (approx. near Main gate), height_cm, canopy % are random placeholders"
P05,alive,S030,2026-09-27T15:13:23,26.198562,91.689417,Unidentified young tree,none,no,none,no,77,205,observed,"Main gate: Established young tree, single stem, on mown grassy slope; no guard | photo P05_S030_v1.jpg | timestamp from photo EXIF; lat/lon (approx. near Main gate), height_cm, canopy % are random placeholders"
P05,alive,S031,2026-09-27T15:13:33,26.198545,91.689207,Unidentified young tree,none,no,none,no,83,198,observed,"Main gate: Young tree, thin single stem, near boundary wall on mown slope | photo P05_S031_v1.jpg | timestamp from photo EXIF; lat/lon (approx. near Main gate), height_cm, canopy % are random placeholders"
P05,alive,S032,2026-09-27T15:13:37,26.198533,91.689557,Delonix regia,none,no,none,no,87,337,observed,"Main gate: Two young trees with feathery bipinnate leaves, healthy; species confidence medium | photo P05_S032_v1.jpg | timestamp from photo EXIF; lat/lon (approx. near Main gate), height_cm, canopy % are random placeholders"
P05,missing,S033,2026-09-27T15:13:39,26.198245,91.689565,,none,no,none,no,60,,observed,"Main gate: No sapling; leaf litter on bare ground | photo P05_S033_v1.jpg | timestamp from photo EXIF; lat/lon (approx. near Main gate), height_cm, canopy % are random placeholders"
P05,missing,S034,2026-09-27T15:13:58,26.19825,91.689178,,none,no,none,no,62,,observed,"Main gate: No sapling; leaf litter on lawn | photo P05_S034_v1.jpg | timestamp from photo EXIF; lat/lon (approx. near Main gate), height_cm, canopy % are random placeholders"
P05,alive,S035,2026-09-27T15:14:04,26.19815,91.689148,Unidentified young tree,none,no,none,no,76,231,observed,"Main gate: Young tree stems in mown lawn near road | photo P05_S035_v1.jpg | timestamp from photo EXIF; lat/lon (approx. near Main gate), height_cm, canopy % are random placeholders"
P05,alive,S036,2026-09-27T15:14:12,26.198644,91.689442,Unidentified shrub,none,no,none,no,50,179,observed,"Main gate: Dense healthy shrub by kerb | photo P05_S036_v1.jpg | timestamp from photo EXIF; lat/lon (approx. near Main gate), height_cm, canopy % are random placeholders"
P05,missing,S037,2026-09-27T15:14:33,26.198568,91.689463,,none,no,none,no,49,,observed,"Main gate: No sapling; soil with creeper seedlings | photo P05_S037_v1.jpg | timestamp from photo EXIF; lat/lon (approx. near Main gate), height_cm, canopy % are random placeholders"
P05,missing,S038,2026-09-27T15:14:36,26.198299,91.689244,,none,no,none,no,64,,observed,"Main gate: No sapling; dry leaf litter | photo P05_S038_v1.jpg | timestamp from photo EXIF; lat/lon (approx. near Main gate), height_cm, canopy % are random placeholders"
P05,alive,S039,2026-09-27T15:14:40,26.198295,91.68956,Unidentified broadleaf young tree,none,no,none,no,56,211,observed,"Main gate: Young tree with climber on it, healthy | photo P05_S039_v1.jpg | timestamp from photo EXIF; lat/lon (approx. near Main gate), height_cm, canopy % are random placeholders"
P05,missing,S040,2026-09-27T15:14:47,26.1988,91.689684,,none,no,none,no,24,,observed,"Main gate: No sapling; mature tree trunk with climber seedling | photo P05_S040_v1.jpg | timestamp from photo EXIF; lat/lon (approx. near Main gate), height_cm, canopy % are random placeholders"
P05,missing,S041,2026-09-27T15:14:59,26.198587,91.689159,,none,no,none,no,86,,observed,"Main gate: No sapling; grass with plastic litter | photo P05_S041_v1.jpg | timestamp from photo EXIF; lat/lon (approx. near Main gate), height_cm, canopy % are random placeholders"
P05,missing,S042,2026-09-27T15:15:19,26.198434,91.689706,,none,no,none,yes,44,,observed,"Main gate: Standing water in canal/drain; no plant | photo P05_S042_v1.jpg | timestamp from photo EXIF; lat/lon (approx. near Main gate), height_cm, canopy % are random placeholders"
P05,alive,S043,2026-09-27T15:15:31,26.198847,91.689437,Ficus religiosa,none,no,none,no,61,32,observed,"Main gate: Peepal seedling, likely self-sown near drain; healthy; species confidence medium | photo P05_S043_v1.jpg | timestamp from photo EXIF; lat/lon (approx. near Main gate), height_cm, canopy % are random placeholders"
P05,missing,S044,2026-09-27T15:15:34,26.198712,91.689558,,none,no,none,yes,50,,observed,"Main gate: Wet ground with shallow standing water and leaf litter | photo P05_S044_v1.jpg | timestamp from photo EXIF; lat/lon (approx. near Main gate), height_cm, canopy % are random placeholders"
P05,missing,S045,2026-09-27T15:15:40,26.198372,91.68938,,none,no,none,yes,55,,observed,"Main gate: Standing water in canal/drain; no plant | photo P05_S045_v1.jpg | timestamp from photo EXIF; lat/lon (approx. near Main gate), height_cm, canopy % are random placeholders"
P05,missing,S046,2026-09-27T15:15:45,26.198564,91.689465,,none,no,none,yes,42,,observed,"Main gate: BLURRED - not assessable, recheck/retake. Appears to be a puddle | photo P05_S046_v1.jpg | timestamp from photo EXIF; lat/lon (approx. near Main gate), height_cm, canopy % are random placeholders"
P05,missing,S047,2026-09-27T15:15:50,26.198856,91.689479,,none,no,none,no,61,,observed,"Main gate: BLURRED - not assessable, recheck/retake. Ground/soil | photo P05_S047_v1.jpg | timestamp from photo EXIF; lat/lon (approx. near Main gate), height_cm, canopy % are random placeholders"
P05,missing,S048,2026-09-27T15:16:11,26.198152,91.689685,,none,no,none,no,49,,observed,"Main gate: No sapling; drain edge concrete | photo P05_S048_v1.jpg | timestamp from photo EXIF; lat/lon (approx. near Main gate), height_cm, canopy % are random placeholders"
P05,missing,S049,2026-09-27T15:16:17,26.198618,91.689894,,none,no,none,no,84,,observed,"Main gate: No sapling; grass | photo P05_S049_v1.jpg | timestamp from photo EXIF; lat/lon (approx. near Main gate), height_cm, canopy % are random placeholders"
P05,missing,S050,2026-09-27T15:16:39,26.198328,91.689409,,none,no,other,no,61,,observed,"Main gate: No sapling; muddy soil with vehicle tyre ruts through planting area | photo P05_S050_v1.jpg | timestamp from photo EXIF; lat/lon (approx. near Main gate), height_cm, canopy % are random placeholders"
P05,missing,S051,2026-09-27T15:16:47,26.198378,91.689853,,none,no,none,no,81,,observed,"Main gate: No sapling; grass and soil | photo P05_S051_v1.jpg | timestamp from photo EXIF; lat/lon (approx. near Main gate), height_cm, canopy % are random placeholders"
P05,missing,S052,2026-09-27T15:16:50,26.198234,91.689194,,none,no,none,no,41,,observed,"Main gate: No sapling; leaf litter; bicycle wheel in frame | photo P05_S052_v1.jpg | timestamp from photo EXIF; lat/lon (approx. near Main gate), height_cm, canopy % are random placeholders"
P05,missing,S053,2026-09-27T15:17:18,26.198275,91.68933,,intact,no,none,no,77,,observed,"Main gate: Bamboo fence enclosure intact but overgrown with weeds; no sapling visible inside | photo P05_S053_v1.jpg | timestamp from photo EXIF; lat/lon (approx. near Main gate), height_cm, canopy % are random placeholders"
P05,missing,S053,2026-09-27T15:17:21,26.198275,91.68933,,intact,no,none,no,77,,observed,"Main gate: Same bamboo enclosure, weeds inside; no sapling visible | photo P05_S053_v2.jpg | timestamp from photo EXIF; lat/lon (approx. near Main gate), height_cm, canopy % are random placeholders"
P05,missing,S053,2026-09-27T15:17:23,26.198275,91.68933,,intact,no,none,no,77,,observed,"Main gate: Same bamboo enclosure; tall grass inside; no sapling visible | photo P05_S053_v3.jpg | timestamp from photo EXIF; lat/lon (approx. near Main gate), height_cm, canopy % are random placeholders"
P05,missing,S054,2026-09-27T15:17:32,26.198418,91.689833,,none,no,none,no,85,,observed,"Main gate: No sapling; grass with earthworm casts | photo P05_S054_v1.jpg | timestamp from photo EXIF; lat/lon (approx. near Main gate), height_cm, canopy % are random placeholders"
P05,missing,S054,2026-09-27T15:17:34,26.198418,91.689833,,none,no,none,no,85,,observed,"Main gate: Same spot, wider | photo P05_S054_v2.jpg | timestamp from photo EXIF; lat/lon (approx. near Main gate), height_cm, canopy % are random placeholders"
P05,missing,S055,2026-09-27T15:17:44,26.198164,91.689459,,none,no,other,no,57,,observed,"Main gate: No sapling; muddy vehicle ruts | photo P05_S055_v1.jpg | timestamp from photo EXIF; lat/lon (approx. near Main gate), height_cm, canopy % are random placeholders"
P05,missing,S056,2026-09-27T15:18:17,26.198322,91.68921,,none,no,none,no,83,,observed,"Main gate: No sapling; grass with soil clods | photo P05_S056_v1.jpg | timestamp from photo EXIF; lat/lon (approx. near Main gate), height_cm, canopy % are random placeholders"
P05,missing,S057,2026-09-27T15:18:19,26.198791,91.689323,,none,no,none,no,83,,observed,"Main gate: BLURRED - not assessable, recheck/retake. Grass | photo P05_S057_v1.jpg | timestamp from photo EXIF; lat/lon (approx. near Main gate), height_cm, canopy % are random placeholders"
P05,missing,S058,2026-09-27T15:18:27,26.198889,91.689646,,none,no,none,no,82,,observed,"Main gate: No sapling; tall grass clump | photo P05_S058_v1.jpg | timestamp from photo EXIF; lat/lon (approx. near Main gate), height_cm, canopy % are random placeholders"
P05,missing,S059,2026-09-27T15:18:49,26.198866,91.689221,,none,no,none,no,75,,observed,"Main gate: No sapling; dry cracked soil with grass and litter | photo P05_S059_v1.jpg | timestamp from photo EXIF; lat/lon (approx. near Main gate), height_cm, canopy % are random placeholders"
P05,missing,S059,2026-09-27T15:18:53,26.198866,91.689221,,none,no,none,no,75,,observed,"Main gate: Same dry cracked soil, closer | photo P05_S059_v2.jpg | timestamp from photo EXIF; lat/lon (approx. near Main gate), height_cm, canopy % are random placeholders"
P05,missing,S060,2026-09-27T15:19:00,26.198221,91.689627,,none,no,none,no,70,,observed,"Main gate: No sapling; lawn | photo P05_S060_v1.jpg | timestamp from photo EXIF; lat/lon (approx. near Main gate), height_cm, canopy % are random placeholders"
P05,missing,S061,2026-09-27T15:19:36,26.198488,91.689571,,none,no,none,no,48,,observed,"Main gate: No sapling; dry palm fronds on ground | photo P05_S061_v1.jpg | timestamp from photo EXIF; lat/lon (approx. near Main gate), height_cm, canopy % are random placeholders"
P05,missing,S062,2026-09-27T15:20:35,26.198326,91.689217,,none,no,none,no,57,,observed,"Main gate: No sapling; soil and grass | photo P05_S062_v1.jpg | timestamp from photo EXIF; lat/lon (approx. near Main gate), height_cm, canopy % are random placeholders"
P05,missing,S063,2026-09-27T15:20:38,26.198395,91.689553,,none,no,none,no,44,,observed,"Main gate: No sapling; sparse grass | photo P05_S063_v1.jpg | timestamp from photo EXIF; lat/lon (approx. near Main gate), height_cm, canopy % are random placeholders"
P05,missing,S064,2026-09-27T15:20:44,26.198652,91.689512,,none,no,none,no,89,,observed,"Main gate: No sapling; sandy soil, only a small weed seedling | photo P05_S064_v1.jpg | timestamp from photo EXIF; lat/lon (approx. near Main gate), height_cm, canopy % are random placeholders"
P05,missing,S065,2026-09-27T15:20:53,26.198624,91.689692,,none,no,none,no,84,,observed,"Main gate: No sapling; sandy soil | photo P05_S065_v1.jpg | timestamp from photo EXIF; lat/lon (approx. near Main gate), height_cm, canopy % are random placeholders"
P05,missing,S066,2026-09-27T15:20:57,26.19882,91.689724,,none,no,none,no,87,,observed,"Main gate: No sapling; sandy soil, only a small weed seedling | photo P05_S066_v1.jpg | timestamp from photo EXIF; lat/lon (approx. near Main gate), height_cm, canopy % are random placeholders"
P06,missing,S067,2026-09-27T15:21:16,26.187914,91.690419,,none,no,none,no,18,,observed,"Core-4: No sapling; leaf litter | photo P06_S067_v1.jpg | timestamp from photo EXIF; lat/lon (approx. near Core-4), height_cm, canopy % are random placeholders"
P06,missing,S068,2026-09-27T15:21:19,26.187985,91.69042,,none,no,none,no,21,,observed,"Core-4: No sapling; base of mature tree with small weeds | photo P06_S068_v1.jpg | timestamp from photo EXIF; lat/lon (approx. near Core-4), height_cm, canopy % are random placeholders"
P06,alive,S069,2026-09-27T15:21:22,26.187654,91.690267,Unidentified palm seedling,none,no,none,no,20,23,observed,"Core-4: Small palm seedling in litter, healthy | photo P06_S069_v1.jpg | timestamp from photo EXIF; lat/lon (approx. near Core-4), height_cm, canopy % are random placeholders"
P06,missing,S070,2026-09-27T15:21:29,26.187872,91.690142,,none,no,none,no,15,,observed,"Core-4: No sapling; bare soil | photo P06_S070_v1.jpg | timestamp from photo EXIF; lat/lon (approx. near Core-4), height_cm, canopy % are random placeholders"
P06,missing,S071,2026-09-27T15:21:34,26.188053,91.690529,,none,no,none,no,26,,observed,"Core-4: No sapling; mature multi-stem trees | photo P06_S071_v1.jpg | timestamp from photo EXIF; lat/lon (approx. near Core-4), height_cm, canopy % are random placeholders"
P06,missing,S072,2026-09-27T15:21:38,26.188091,91.690156,,none,no,none,no,21,,observed,"Core-4: No sapling; mature tree trunk | photo P06_S072_v1.jpg | timestamp from photo EXIF; lat/lon (approx. near Core-4), height_cm, canopy % are random placeholders"
P06,missing,S073,2026-09-27T15:21:47,26.188091,91.690219,,none,no,none,no,23,,observed,"Core-4: No sapling; pipe and debris with litter | photo P06_S073_v1.jpg | timestamp from photo EXIF; lat/lon (approx. near Core-4), height_cm, canopy % are random placeholders"
P06,alive,S074,2026-09-27T15:21:56,26.188364,91.690582,Epiphytic fern (possibly Microsorum sp.),none,no,none,no,30,33,observed,"Core-4: Fern growing at tree base; not a tree sapling | photo P06_S074_v1.jpg | timestamp from photo EXIF; lat/lon (approx. near Core-4), height_cm, canopy % are random placeholders"
P06,alive,S074,2026-09-27T15:21:59,26.188364,91.690582,Epiphytic fern (possibly Microsorum sp.),none,no,none,no,30,33,observed,"Core-4: Same fern, other angle | photo P06_S074_v2.jpg | timestamp from photo EXIF; lat/lon (approx. near Core-4), height_cm, canopy % are random placeholders"
P06,missing,S075,2026-09-27T15:22:03,26.187692,91.69049,,none,no,none,no,29,,observed,"Core-4: No sapling; litter and trash | photo P06_S075_v1.jpg | timestamp from photo EXIF; lat/lon (approx. near Core-4), height_cm, canopy % are random placeholders"
P06,alive,S076,2026-09-27T15:22:10,26.187984,91.690349,Epiphytic fern (possibly Microsorum sp.),none,no,none,no,19,43,observed,"Core-4: Fern on tree trunk; not a tree sapling | photo P06_S076_v1.jpg | timestamp from photo EXIF; lat/lon (approx. near Core-4), height_cm, canopy % are random placeholders"
P06,missing,S077,2026-09-27T15:22:32,26.1882,91.690692,,none,no,none,yes,55,,observed,"Core-4: Standing water in drain | photo P06_S077_v1.jpg | timestamp from photo EXIF; lat/lon (approx. near Core-4), height_cm, canopy % are random placeholders"
P06,alive,S078,2026-09-27T15:22:39,26.188263,91.690229,Unidentified seedling,none,no,none,no,40,6,observed,"Core-4: Tiny seedling in soil | photo P06_S078_v1.jpg | timestamp from photo EXIF; lat/lon (approx. near Core-4), height_cm, canopy % are random placeholders"
P06,alive,S079,2026-09-27T15:22:40,26.188361,91.690523,Unidentified tree seedling,none,no,none,no,44,20,observed,"Core-4: Broadleaf seedling, likely natural regeneration | photo P06_S079_v1.jpg | timestamp from photo EXIF; lat/lon (approx. near Core-4), height_cm, canopy % are random placeholders"
P06,missing,S080,2026-09-27T15:22:46,26.188331,91.690707,,none,no,none,no,49,,observed,"Core-4: No sapling; soil with weeds | photo P06_S080_v1.jpg | timestamp from photo EXIF; lat/lon (approx. near Core-4), height_cm, canopy % are random placeholders"
P06,missing,S081,2026-09-27T15:22:49,26.188383,91.690791,,none,no,none,no,62,,observed,"Core-4: No sapling; litter and plastic | photo P06_S081_v1.jpg | timestamp from photo EXIF; lat/lon (approx. near Core-4), height_cm, canopy % are random placeholders"
P06,missing,S082,2026-09-27T15:22:54,26.188276,91.690515,,none,no,none,no,45,,observed,"Core-4: No sapling; soil clods | photo P06_S082_v1.jpg | timestamp from photo EXIF; lat/lon (approx. near Core-4), height_cm, canopy % are random placeholders"
P06,missing,S083,2026-09-27T15:22:58,26.187885,91.690278,,none,no,none,no,32,,observed,"Core-4: No sapling; mature multi-trunk tree | photo P06_S083_v1.jpg | timestamp from photo EXIF; lat/lon (approx. near Core-4), height_cm, canopy % are random placeholders"
P06,missing,S084,2026-09-27T15:23:14,26.188223,91.690364,,none,no,none,no,77,,observed,"Core-4: Empty pit with dry twigs in lawn; sapling likely gone | photo P06_S084_v1.jpg | timestamp from photo EXIF; lat/lon (approx. near Core-4), height_cm, canopy % are random placeholders"
P06,alive,S085,2026-09-27T15:23:31,26.188091,91.690731,Dypsis lutescens,none,no,none,no,76,330,observed,"Core-4: Areca palm clump, established; dry fronds on ground | photo P06_S085_v1.jpg | timestamp from photo EXIF; lat/lon (approx. near Core-4), height_cm, canopy % are random placeholders"
P06,alive,S085,2026-09-27T15:23:33,26.188091,91.690731,Dypsis lutescens,none,no,none,no,76,330,observed,"Core-4: Same palm clump, other angle | photo P06_S085_v2.jpg | timestamp from photo EXIF; lat/lon (approx. near Core-4), height_cm, canopy % are random placeholders"
P06,alive,S086,2026-09-27T15:23:49,26.188255,91.690692,Unidentified shrub,none,no,none,no,47,56,observed,"Core-4: Leafy shrub at bed edge, healthy | photo P06_S086_v1.jpg | timestamp from photo EXIF; lat/lon (approx. near Core-4), height_cm, canopy % are random placeholders"
P06,alive,S087,2026-09-27T15:24:16,26.188014,91.690384,Unidentified young tree,none,no,none,no,40,253,observed,"Core-4: Young tree, single smooth stem, in grass | photo P06_S087_v1.jpg | timestamp from photo EXIF; lat/lon (approx. near Core-4), height_cm, canopy % are random placeholders"
P06,missing,S088,2026-09-27T15:24:19,26.188232,91.690478,,none,no,none,no,46,,observed,"Core-4: No sapling; stray dog in frame | photo P06_S088_v1.jpg | timestamp from photo EXIF; lat/lon (approx. near Core-4), height_cm, canopy % are random placeholders"
P06,missing,S089,2026-09-27T15:24:37,26.188154,91.690865,,damaged,no,none,no,29,,observed,"Core-4: Collapsed woven-bamboo guard panels with litter; no sapling visible | photo P06_S089_v1.jpg | timestamp from photo EXIF; lat/lon (approx. near Core-4), height_cm, canopy % are random placeholders"
P06,missing,S090,2026-09-27T15:25:15,26.188247,91.690679,,none,no,none,no,81,,observed,"Core-4: No sapling; lawn with fallen red petals | photo P06_S090_v1.jpg | timestamp from photo EXIF; lat/lon (approx. near Core-4), height_cm, canopy % are random placeholders"
P06,alive,S091,2026-09-27T15:25:20,26.188364,91.690392,Ixora coccinea,none,no,none,no,77,86,observed,"Core-4: Flowering ixora shrub, healthy | photo P06_S091_v1.jpg | timestamp from photo EXIF; lat/lon (approx. near Core-4), height_cm, canopy % are random placeholders"
P06,missing,S092,2026-09-27T15:25:37,26.187781,91.690257,,none,no,none,no,76,,observed,"Core-4: No sapling; lawn | photo P06_S092_v1.jpg | timestamp from photo EXIF; lat/lon (approx. near Core-4), height_cm, canopy % are random placeholders"
P06,stressed,S093,2026-09-27T15:25:49,26.187986,91.690888,Unidentified seedling,none,no,none,no,59,15,observed,"Core-4: Seedling with a yellowing leaf | photo P06_S093_v1.jpg | timestamp from photo EXIF; lat/lon (approx. near Core-4), height_cm, canopy % are random placeholders"
P06,missing,S094,2026-09-27T15:26:11,26.187984,91.690622,,none,no,none,no,65,,observed,"Core-4: No sapling; gravel and debris | photo P06_S094_v1.jpg | timestamp from photo EXIF; lat/lon (approx. near Core-4), height_cm, canopy % are random placeholders"
P06,missing,S095,2026-09-27T15:26:15,26.188115,91.690768,,none,no,none,no,43,,observed,"Core-4: No sapling; gravel | photo P06_S095_v1.jpg | timestamp from photo EXIF; lat/lon (approx. near Core-4), height_cm, canopy % are random placeholders"
P06,missing,S096,2026-09-27T15:26:19,26.188328,91.690726,,none,no,none,no,64,,observed,"Core-4: No sapling; gravel and litter | photo P06_S096_v1.jpg | timestamp from photo EXIF; lat/lon (approx. near Core-4), height_cm, canopy % are random placeholders"
P06,alive,S097,2026-09-27T15:26:25,26.187759,91.690811,Unidentified tree seedling,none,no,none,no,28,20,observed,"Core-4: Broadleaf seedlings in litter, likely natural regeneration | photo P06_S097_v1.jpg | timestamp from photo EXIF; lat/lon (approx. near Core-4), height_cm, canopy % are random placeholders"
P06,alive,S098,2026-09-27T15:26:33,26.187866,91.690741,Unidentified tree seedling,none,no,none,no,27,17,observed,"Core-4: Broadleaf seedlings in teak-leaf litter | photo P06_S098_v1.jpg | timestamp from photo EXIF; lat/lon (approx. near Core-4), height_cm, canopy % are random placeholders"
P06,missing,S099,2026-09-27T15:27:03,26.187921,91.690857,,none,no,none,no,63,,observed,"Core-4: No sapling; soil with small fern/weed | photo P06_S099_v1.jpg | timestamp from photo EXIF; lat/lon (approx. near Core-4), height_cm, canopy % are random placeholders"
P06,missing,S100,2026-09-27T15:27:08,26.187727,91.690894,,none,no,none,no,40,,observed,"Core-4: No sapling; dry leaf litter | photo P06_S100_v1.jpg | timestamp from photo EXIF; lat/lon (approx. near Core-4), height_cm, canopy % are random placeholders"
P06,missing,S101,2026-09-27T15:27:12,26.187721,91.690824,,none,no,none,no,65,,observed,"Core-4: Fallen branch on ground; no sapling visible | photo P06_S101_v1.jpg | timestamp from photo EXIF; lat/lon (approx. near Core-4), height_cm, canopy % are random placeholders"
P06,missing,S102,2026-09-27T15:27:16,26.188125,91.690589,,none,no,other,no,59,,observed,"Core-4: Broken/cut branches on ground, possibly a damaged sapling; plastic litter | photo P06_S102_v1.jpg | timestamp from photo EXIF; lat/lon (approx. near Core-4), height_cm, canopy % are random placeholders"
P06,missing,S103,2026-09-27T15:27:23,26.188384,91.690626,,none,no,none,no,81,,observed,"Core-4: No sapling; footpath edge | photo P06_S103_v1.jpg | timestamp from photo EXIF; lat/lon (approx. near Core-4), height_cm, canopy % are random placeholders"
P06,alive,S104,2026-09-27T15:27:39,26.187725,91.690539,Unidentified seedling,none,no,none,no,40,15,observed,"Core-4: Seedling beside concrete post | photo P06_S104_v1.jpg | timestamp from photo EXIF; lat/lon (approx. near Core-4), height_cm, canopy % are random placeholders"
P06,missing,S105,2026-09-27T15:27:52,26.188239,91.690681,,none,no,none,no,43,,observed,"Core-4: No sapling; gravel with large dry (teak-like) leaves | photo P06_S105_v1.jpg | timestamp from photo EXIF; lat/lon (approx. near Core-4), height_cm, canopy % are random placeholders"
P06,missing,S106,2026-09-27T15:27:54,26.188021,91.690847,,none,no,none,no,53,,observed,"Core-4: BLURRED - not assessable, recheck/retake. Gravel and leaves | photo P06_S106_v1.jpg | timestamp from photo EXIF; lat/lon (approx. near Core-4), height_cm, canopy % are random placeholders"
P06,alive,S107,2026-09-27T15:27:58,26.188389,91.690256,Unidentified seedlings,none,no,none,no,21,10,observed,"Core-4: Cluster of small seedlings in teak-leaf litter, possibly natural regeneration | photo P06_S107_v1.jpg | timestamp from photo EXIF; lat/lon (approx. near Core-4), height_cm, canopy % are random placeholders"
P06,alive,S107,2026-09-27T15:28:00,26.188389,91.690256,Unidentified seedlings,none,no,none,no,21,10,observed,"Core-4: Same seedling patch, wider | photo P06_S107_v2.jpg | timestamp from photo EXIF; lat/lon (approx. near Core-4), height_cm, canopy % are random placeholders"
P06,missing,S108,2026-09-27T15:28:02,26.187801,91.690334,,none,no,none,no,47,,observed,"Core-4: BLURRED - not assessable, recheck/retake. Leaf litter | photo P06_S108_v1.jpg | timestamp from photo EXIF; lat/lon (approx. near Core-4), height_cm, canopy % are random placeholders"
P07,missing,S109,2026-09-27T15:28:03,26.195711,91.690361,,none,no,none,no,57,,observed,"Biotech Park: No sapling; gravel and dry leaves | photo P07_S109_v1.jpg | timestamp from photo EXIF; lat/lon (approx. near Biotech Park), height_cm, canopy % are random placeholders"
P07,missing,S110,2026-09-27T15:28:05,26.195435,91.690205,,none,no,none,no,63,,observed,"Biotech Park: BLURRED - not assessable, recheck/retake. Ground with leaf litter | photo P07_S110_v1.jpg | timestamp from photo EXIF; lat/lon (approx. near Biotech Park), height_cm, canopy % are random placeholders"
P07,missing,S111,2026-09-27T15:28:07,26.195383,91.690467,,none,no,none,no,58,,observed,"Biotech Park: No sapling; soil with leaves and twigs | photo P07_S111_v1.jpg | timestamp from photo EXIF; lat/lon (approx. near Biotech Park), height_cm, canopy % are random placeholders"
P07,missing,S112,2026-09-27T15:28:08,26.195752,91.690513,,none,no,none,no,56,,observed,"Biotech Park: BLURRED - not assessable, recheck/retake. Ground with leaf litter | photo P07_S112_v1.jpg | timestamp from photo EXIF; lat/lon (approx. near Biotech Park), height_cm, canopy % are random placeholders"
P07,missing,S113,2026-09-27T15:28:10,26.195205,91.690221,,none,no,none,no,56,,observed,"Biotech Park: BLURRED - not assessable, recheck/retake. Ground with leaf litter | photo P07_S113_v1.jpg | timestamp from photo EXIF; lat/lon (approx. near Biotech Park), height_cm, canopy % are random placeholders"
P07,missing,S114,2026-09-27T15:28:11,26.195115,91.690452,,none,no,none,no,20,,observed,"Biotech Park: No sapling; thick leaf litter | photo P07_S114_v1.jpg | timestamp from photo EXIF; lat/lon (approx. near Biotech Park), height_cm, canopy % are random placeholders"
P07,missing,S115,2026-09-27T15:28:56,26.195587,91.690721,,none,no,none,no,44,,observed,"Biotech Park: No sapling; soil edge with weeds | photo P07_S115_v1.jpg | timestamp from photo EXIF; lat/lon (approx. near Biotech Park), height_cm, canopy % are random placeholders"
P07,missing,S116,2026-09-27T15:28:57,26.195238,91.690479,,none,no,none,no,63,,observed,"Biotech Park: No sapling; soil edge with leaf litter | photo P07_S116_v1.jpg | timestamp from photo EXIF; lat/lon (approx. near Biotech Park), height_cm, canopy % are random placeholders"
P07,missing,S117,2026-09-27T15:28:59,26.195196,91.690149,,none,no,none,no,61,,observed,"Biotech Park: No sapling; gravel edge with weeds | photo P07_S117_v1.jpg | timestamp from photo EXIF; lat/lon (approx. near Biotech Park), height_cm, canopy % are random placeholders"
P07,missing,S118,2026-09-27T15:29:00,26.195515,91.690544,,none,no,none,no,65,,observed,"Biotech Park: No sapling; gravel edge | photo P07_S118_v1.jpg | timestamp from photo EXIF; lat/lon (approx. near Biotech Park), height_cm, canopy % are random placeholders"
P07,missing,S119,2026-09-27T15:29:02,26.195721,91.690807,,none,no,none,no,41,,observed,"Biotech Park: No sapling; gravel edge with grass | photo P07_S119_v1.jpg | timestamp from photo EXIF; lat/lon (approx. near Biotech Park), height_cm, canopy % are random placeholders"
P07,missing,S120,2026-09-27T15:29:03,26.195299,91.690322,,none,no,none,no,18,,observed,"Biotech Park: No sapling; tree base with herbaceous weeds | photo P07_S120_v1.jpg | timestamp from photo EXIF; lat/lon (approx. near Biotech Park), height_cm, canopy % are random placeholders"
P07,missing,S121,2026-09-27T15:29:05,26.195506,91.690549,,none,no,none,no,64,,observed,"Biotech Park: No sapling; grass verge | photo P07_S121_v1.jpg | timestamp from photo EXIF; lat/lon (approx. near Biotech Park), height_cm, canopy % are random placeholders"
P07,missing,S122,2026-09-27T15:29:07,26.195815,91.690151,,none,no,none,no,80,,observed,"Biotech Park: No sapling; gravel surface | photo P07_S122_v1.jpg | timestamp from photo EXIF; lat/lon (approx. near Biotech Park), height_cm, canopy % are random placeholders"
P07,missing,S123,2026-09-27T15:29:08,26.19559,91.690504,,none,no,none,no,86,,observed,"Biotech Park: No sapling; gravel surface | photo P07_S123_v1.jpg | timestamp from photo EXIF; lat/lon (approx. near Biotech Park), height_cm, canopy % are random placeholders"
P07,missing,S124,2026-09-27T15:29:09,26.19526,91.690322,,none,no,none,no,86,,observed,"Biotech Park: No sapling; gravel surface | photo P07_S124_v1.jpg | timestamp from photo EXIF; lat/lon (approx. near Biotech Park), height_cm, canopy % are random placeholders"
P07,missing,S125,2026-09-27T15:29:10,26.195527,91.690482,,none,no,none,no,77,,observed,"Biotech Park: No sapling; gravel surface | photo P07_S125_v1.jpg | timestamp from photo EXIF; lat/lon (approx. near Biotech Park), height_cm, canopy % are random placeholders"
P07,missing,S126,2026-09-27T15:29:12,26.195659,91.690801,,none,no,none,no,78,,observed,"Biotech Park: No sapling; gravel surface | photo P07_S126_v1.jpg | timestamp from photo EXIF; lat/lon (approx. near Biotech Park), height_cm, canopy % are random placeholders"
P07,missing,S127,2026-09-27T15:29:15,26.195838,91.690814,,none,no,none,no,21,,observed,"Biotech Park: No sapling; dark soil with leaf litter | photo P07_S127_v1.jpg | timestamp from photo EXIF; lat/lon (approx. near Biotech Park), height_cm, canopy % are random placeholders"
P07,missing,S128,2026-09-27T15:29:16,26.195772,91.69021,,none,no,none,no,18,,observed,"Biotech Park: No sapling; dark soil with leaf litter | photo P07_S128_v1.jpg | timestamp from photo EXIF; lat/lon (approx. near Biotech Park), height_cm, canopy % are random placeholders"
P07,missing,S129,2026-09-27T15:29:17,26.195414,91.690353,,none,no,none,no,61,,observed,"Biotech Park: No sapling; raked/furrowed soil, possibly a prepared bed | photo P07_S129_v1.jpg | timestamp from photo EXIF; lat/lon (approx. near Biotech Park), height_cm, canopy % are random placeholders"
P07,missing,S130,2026-09-27T15:29:19,26.195293,91.690158,,none,no,none,no,61,,observed,"Biotech Park: No sapling; raked/furrowed soil, possibly a prepared bed | photo P07_S130_v1.jpg | timestamp from photo EXIF; lat/lon (approx. near Biotech Park), height_cm, canopy % are random placeholders"
P07,missing,S131,2026-09-27T15:29:20,26.195342,91.690198,,none,no,none,no,64,,observed,"Biotech Park: No sapling; raked/furrowed soil, possibly a prepared bed | photo P07_S131_v1.jpg | timestamp from photo EXIF; lat/lon (approx. near Biotech Park), height_cm, canopy % are random placeholders"
P07,missing,S132,2026-09-27T15:29:21,26.195224,91.690673,,none,no,none,no,61,,observed,"Biotech Park: No sapling; raked/furrowed soil, possibly a prepared bed | photo P07_S132_v1.jpg | timestamp from photo EXIF; lat/lon (approx. near Biotech Park), height_cm, canopy % are random placeholders"
P07,missing,S133,2026-09-27T15:29:22,26.195393,91.690302,,none,no,none,no,44,,observed,"Biotech Park: No sapling; only small herbaceous seedlings/weeds | photo P07_S133_v1.jpg | timestamp from photo EXIF; lat/lon (approx. near Biotech Park), height_cm, canopy % are random placeholders"
P07,missing,S134,2026-09-27T15:29:23,26.195874,91.690276,,none,no,none,no,43,,observed,"Biotech Park: No sapling; only small herbaceous seedlings/weeds | photo P07_S134_v1.jpg | timestamp from photo EXIF; lat/lon (approx. near Biotech Park), height_cm, canopy % are random placeholders"
P07,missing,S135,2026-09-27T15:29:24,26.195419,91.69049,,none,no,none,no,22,,observed,"Biotech Park: No sapling; dark soil with leaf litter | photo P07_S135_v1.jpg | timestamp from photo EXIF; lat/lon (approx. near Biotech Park), height_cm, canopy % are random placeholders"
P07,missing,S136,2026-09-27T15:29:25,26.195229,91.690445,,none,no,none,no,56,,observed,"Biotech Park: No sapling; only small herbaceous seedlings/weeds | photo P07_S136_v1.jpg | timestamp from photo EXIF; lat/lon (approx. near Biotech Park), height_cm, canopy % are random placeholders"
P07,missing,S137,2026-09-27T15:29:27,26.195423,91.690437,,none,no,none,no,26,,observed,"Biotech Park: No sapling; concrete slabs with leaf litter | photo P07_S137_v1.jpg | timestamp from photo EXIF; lat/lon (approx. near Biotech Park), height_cm, canopy % are random placeholders"
P07,missing,S138,2026-09-27T15:29:28,26.195355,91.690678,,none,no,none,no,40,,observed,"Biotech Park: No sapling; only small herbaceous seedlings/weeds | photo P07_S138_v1.jpg | timestamp from photo EXIF; lat/lon (approx. near Biotech Park), height_cm, canopy % are random placeholders"
P07,missing,S139,2026-09-27T15:29:29,26.19537,91.690467,,none,no,none,no,62,,observed,"Biotech Park: No sapling; only small herbaceous seedlings/weeds | photo P07_S139_v1.jpg | timestamp from photo EXIF; lat/lon (approx. near Biotech Park), height_cm, canopy % are random placeholders"
P07,missing,S140,2026-09-27T15:29:31,26.195114,91.690365,,none,no,none,no,59,,observed,"Biotech Park: No sapling; raked/furrowed soil, possibly a prepared bed | photo P07_S140_v1.jpg | timestamp from photo EXIF; lat/lon (approx. near Biotech Park), height_cm, canopy % are random placeholders"
P07,missing,S141,2026-09-27T15:29:32,26.195336,91.690869,,none,no,none,no,43,,observed,"Biotech Park: No sapling; only small herbaceous seedlings/weeds | photo P07_S141_v1.jpg | timestamp from photo EXIF; lat/lon (approx. near Biotech Park), height_cm, canopy % are random placeholders"
P07,missing,S142,2026-09-27T15:29:34,26.195888,91.690731,,none,no,none,no,43,,observed,"Biotech Park: No sapling; soil path edge | photo P07_S142_v1.jpg | timestamp from photo EXIF; lat/lon (approx. near Biotech Park), height_cm, canopy % are random placeholders"
P07,missing,S143,2026-09-27T15:29:35,26.195167,91.690318,,none,no,none,no,64,,observed,"Biotech Park: No sapling; only small herbaceous seedlings/weeds | photo P07_S143_v1.jpg | timestamp from photo EXIF; lat/lon (approx. near Biotech Park), height_cm, canopy % are random placeholders"
P07,missing,S144,2026-09-27T15:29:36,26.195245,91.690705,,none,no,none,no,53,,observed,"Biotech Park: No sapling; only small herbaceous seedlings/weeds | photo P07_S144_v1.jpg | timestamp from photo EXIF; lat/lon (approx. near Biotech Park), height_cm, canopy % are random placeholders"
P07,missing,S145,2026-09-27T15:29:52,26.19578,91.690641,,none,no,none,no,48,,observed,"Biotech Park: No sapling; bare soil | photo P07_S145_v1.jpg | timestamp from photo EXIF; lat/lon (approx. near Biotech Park), height_cm, canopy % are random placeholders"
P07,missing,S146,2026-09-27T15:29:53,26.195425,91.690529,,none,no,none,no,56,,observed,"Biotech Park: No sapling; bare soil | photo P07_S146_v1.jpg | timestamp from photo EXIF; lat/lon (approx. near Biotech Park), height_cm, canopy % are random placeholders"
P07,missing,S147,2026-09-27T15:29:54,26.195556,91.69066,,none,no,none,no,42,,observed,"Biotech Park: BLURRED - not assessable, recheck/retake. Ground with leaf litter | photo P07_S147_v1.jpg | timestamp from photo EXIF; lat/lon (approx. near Biotech Park), height_cm, canopy % are random placeholders"
P07,missing,S148,2026-09-27T15:29:55,26.195323,91.69074,,none,no,none,no,45,,observed,"Biotech Park: No sapling; bare soil | photo P07_S148_v1.jpg | timestamp from photo EXIF; lat/lon (approx. near Biotech Park), height_cm, canopy % are random placeholders"
P07,missing,S149,2026-09-27T15:29:56,26.19544,91.690158,,none,no,none,no,40,,observed,"Biotech Park: No sapling; bare soil | photo P07_S149_v1.jpg | timestamp from photo EXIF; lat/lon (approx. near Biotech Park), height_cm, canopy % are random placeholders"
P07,missing,S150,2026-09-27T15:29:57,26.195608,91.690741,,none,no,none,no,42,,observed,"Biotech Park: BLURRED - not assessable, recheck/retake. Ground with leaf litter | photo P07_S150_v1.jpg | timestamp from photo EXIF; lat/lon (approx. near Biotech Park), height_cm, canopy % are random placeholders"
P08,missing,S151,2026-09-27T15:29:58,26.191787,91.692778,,none,no,none,no,48,,observed,"Admin building: No sapling; bare soil | photo P08_S151_v1.jpg | timestamp from photo EXIF; lat/lon (approx. near Admin building), height_cm, canopy % are random placeholders"
P08,missing,S152,2026-09-27T15:29:59,26.19199,91.692963,,none,no,none,no,50,,observed,"Admin building: No sapling; bare soil | photo P08_S152_v1.jpg | timestamp from photo EXIF; lat/lon (approx. near Admin building), height_cm, canopy % are random placeholders"
P08,missing,S153,2026-09-27T15:30:00,26.192095,91.692934,,none,no,none,no,48,,observed,"Admin building: No sapling; bare soil | photo P08_S153_v1.jpg | timestamp from photo EXIF; lat/lon (approx. near Admin building), height_cm, canopy % are random placeholders"
P08,missing,S154,2026-09-27T15:30:01,26.191797,91.692635,,none,no,none,no,62,,observed,"Admin building: No sapling; bare soil | photo P08_S154_v1.jpg | timestamp from photo EXIF; lat/lon (approx. near Admin building), height_cm, canopy % are random placeholders"
P08,missing,S155,2026-09-27T15:30:09,26.191491,91.692688,,none,no,none,no,45,,observed,"Admin building: No sapling visible; dense weed and grass growth along edge | photo P08_S155_v1.jpg | timestamp from photo EXIF; lat/lon (approx. near Admin building), height_cm, canopy % are random placeholders"
P08,missing,S156,2026-09-27T15:30:10,26.19151,91.692745,,none,no,none,no,49,,observed,"Admin building: No sapling visible; dense weed and grass growth along edge | photo P08_S156_v1.jpg | timestamp from photo EXIF; lat/lon (approx. near Admin building), height_cm, canopy % are random placeholders"
P08,missing,S157,2026-09-27T15:30:11,26.191803,91.693025,,none,no,none,no,46,,observed,"Admin building: No sapling visible; dense weed and grass growth along edge | photo P08_S157_v1.jpg | timestamp from photo EXIF; lat/lon (approx. near Admin building), height_cm, canopy % are random placeholders"
P08,missing,S158,2026-09-27T15:30:12,26.191532,91.693,,none,no,none,no,45,,observed,"Admin building: No sapling visible; dense weed and grass growth along edge | photo P08_S158_v1.jpg | timestamp from photo EXIF; lat/lon (approx. near Admin building), height_cm, canopy % are random placeholders"
P08,missing,S159,2026-09-27T15:30:13,26.191516,91.693243,,none,no,none,no,48,,observed,"Admin building: No sapling visible; dense weed and grass growth along edge | photo P08_S159_v1.jpg | timestamp from photo EXIF; lat/lon (approx. near Admin building), height_cm, canopy % are random placeholders"
P08,missing,S160,2026-09-27T15:30:14,26.19133,91.692615,,none,no,none,no,56,,observed,"Admin building: BLURRED - not assessable, recheck/retake. Dense weeds | photo P08_S160_v1.jpg | timestamp from photo EXIF; lat/lon (approx. near Admin building), height_cm, canopy % are random placeholders"
P08,missing,S161,2026-09-27T15:30:15,26.191741,91.692752,,none,no,none,no,55,,observed,"Admin building: BLURRED - not assessable, recheck/retake. Dense weeds | photo P08_S161_v1.jpg | timestamp from photo EXIF; lat/lon (approx. near Admin building), height_cm, canopy % are random placeholders"
P08,missing,S162,2026-09-27T15:30:16,26.191497,91.692958,,none,no,none,no,61,,observed,"Admin building: No sapling; track edge with weeds and litter | photo P08_S162_v1.jpg | timestamp from photo EXIF; lat/lon (approx. near Admin building), height_cm, canopy % are random placeholders"
P08,missing,S163,2026-09-27T15:30:17,26.191955,91.692946,,none,no,none,no,55,,observed,"Admin building: No sapling; track edge with weeds and litter | photo P08_S163_v1.jpg | timestamp from photo EXIF; lat/lon (approx. near Admin building), height_cm, canopy % are random placeholders"
P08,missing,S164,2026-09-27T15:30:18,26.191737,91.693311,,none,no,none,no,56,,observed,"Admin building: No sapling; track edge with weeds and litter | photo P08_S164_v1.jpg | timestamp from photo EXIF; lat/lon (approx. near Admin building), height_cm, canopy % are random placeholders"
P08,missing,S165,2026-09-27T15:30:19,26.191546,91.692772,,none,no,none,no,47,,observed,"Admin building: No sapling; track edge with weeds and litter | photo P08_S165_v1.jpg | timestamp from photo EXIF; lat/lon (approx. near Admin building), height_cm, canopy % are random placeholders"
P08,missing,S166,2026-09-27T15:30:20,26.191574,91.693266,,none,no,none,no,62,,observed,"Admin building: No sapling; track edge with weeds and litter | photo P08_S166_v1.jpg | timestamp from photo EXIF; lat/lon (approx. near Admin building), height_cm, canopy % are random placeholders"
P08,missing,S167,2026-09-27T15:30:22,26.191883,91.692712,,none,no,none,no,51,,observed,"Admin building: No sapling; dirt track with tyre marks and leaf litter | photo P08_S167_v1.jpg | timestamp from photo EXIF; lat/lon (approx. near Admin building), height_cm, canopy % are random placeholders"
P08,missing,S168,2026-09-27T15:30:23,26.192086,91.69327,,none,no,none,no,40,,observed,"Admin building: BLURRED - not assessable, recheck/retake. Dirt track | photo P08_S168_v1.jpg | timestamp from photo EXIF; lat/lon (approx. near Admin building), height_cm, canopy % are random placeholders"
P08,missing,S169,2026-09-27T15:30:24,26.191357,91.693193,,none,no,none,no,48,,observed,"Admin building: No sapling; dirt track with tyre marks and leaf litter | photo P08_S169_v1.jpg | timestamp from photo EXIF; lat/lon (approx. near Admin building), height_cm, canopy % are random placeholders"
P08,missing,S170,2026-09-27T15:30:25,26.191645,91.692644,,none,no,none,no,61,,observed,"Admin building: No sapling; dirt track with tyre marks and leaf litter | photo P08_S170_v1.jpg | timestamp from photo EXIF; lat/lon (approx. near Admin building), height_cm, canopy % are random placeholders"
P08,missing,S171,2026-09-27T15:30:26,26.191973,91.693296,,none,no,none,no,61,,observed,"Admin building: BLURRED - not assessable, recheck/retake. Dirt track | photo P08_S171_v1.jpg | timestamp from photo EXIF; lat/lon (approx. near Admin building), height_cm, canopy % are random placeholders"
P08,missing,S172,2026-09-27T15:30:27,26.192077,91.693079,,none,no,none,no,62,,observed,"Admin building: No sapling; dirt track with tyre marks and leaf litter | photo P08_S172_v1.jpg | timestamp from photo EXIF; lat/lon (approx. near Admin building), height_cm, canopy % are random placeholders"
P08,missing,S173,2026-09-27T15:30:28,26.191534,91.692968,,none,no,none,no,45,,observed,"Admin building: No sapling; track edge with ferns | photo P08_S173_v1.jpg | timestamp from photo EXIF; lat/lon (approx. near Admin building), height_cm, canopy % are random placeholders"
P08,missing,S174,2026-09-27T15:30:29,26.191515,91.692603,,none,no,none,no,51,,observed,"Admin building: No sapling; track edge with ferns | photo P08_S174_v1.jpg | timestamp from photo EXIF; lat/lon (approx. near Admin building), height_cm, canopy % are random placeholders"
P08,missing,S175,2026-09-27T15:30:37,26.192069,91.693378,,none,no,none,no,57,,observed,"Admin building: No sapling; wet muddy track with tyre marks | photo P08_S175_v1.jpg | timestamp from photo EXIF; lat/lon (approx. near Admin building), height_cm, canopy % are random placeholders"
P08,missing,S176,2026-09-27T15:30:38,26.191559,91.692628,,none,no,none,no,49,,observed,"Admin building: No sapling; wet muddy track with tyre marks | photo P08_S176_v1.jpg | timestamp from photo EXIF; lat/lon (approx. near Admin building), height_cm, canopy % are random placeholders"
P08,missing,S177,2026-09-27T15:30:39,26.191474,91.692746,,none,no,none,yes,50,,observed,"Admin building: Standing water on gravel track; no plant | photo P08_S177_v1.jpg | timestamp from photo EXIF; lat/lon (approx. near Admin building), height_cm, canopy % are random placeholders"
P08,missing,S178,2026-09-27T15:30:43,26.191605,91.69298,,none,no,none,yes,56,,observed,"Admin building: Standing water on gravel track; no plant | photo P08_S178_v1.jpg | timestamp from photo EXIF; lat/lon (approx. near Admin building), height_cm, canopy % are random placeholders"
P08,missing,S179,2026-09-27T15:30:44,26.191825,91.692799,,none,no,none,yes,64,,observed,"Admin building: Standing water on gravel track; no plant | photo P08_S179_v1.jpg | timestamp from photo EXIF; lat/lon (approx. near Admin building), height_cm, canopy % are random placeholders"
P08,missing,S180,2026-09-27T15:30:45,26.191304,91.692811,,none,no,none,yes,42,,observed,"Admin building: Standing water on gravel track; no plant | photo P08_S180_v1.jpg | timestamp from photo EXIF; lat/lon (approx. near Admin building), height_cm, canopy % are random placeholders"
P08,missing,S181,2026-09-27T15:30:46,26.191415,91.693069,,none,no,none,no,52,,observed,"Admin building: No sapling; dog on gravel track | photo P08_S181_v1.jpg | timestamp from photo EXIF; lat/lon (approx. near Admin building), height_cm, canopy % are random placeholders"
P08,missing,S182,2026-09-27T15:30:47,26.191318,91.692843,,none,no,none,no,47,,observed,"Admin building: No sapling; gravel with weeds at edge | photo P08_S182_v1.jpg | timestamp from photo EXIF; lat/lon (approx. near Admin building), height_cm, canopy % are random placeholders"
P08,missing,S183,2026-09-27T15:30:49,26.191368,91.693366,,none,no,none,yes,64,,observed,"Admin building: Standing water on gravel track; no plant | photo P08_S183_v1.jpg | timestamp from photo EXIF; lat/lon (approx. near Admin building), height_cm, canopy % are random placeholders"
P08,missing,S184,2026-09-27T15:30:50,26.191424,91.693314,,none,no,none,yes,65,,observed,"Admin building: Standing water on gravel track; no plant | photo P08_S184_v1.jpg | timestamp from photo EXIF; lat/lon (approx. near Admin building), height_cm, canopy % are random placeholders"
P08,missing,S185,2026-09-27T15:30:53,26.192003,91.692912,,none,no,none,no,50,,observed,"Admin building: No sapling; wet muddy track with tyre marks | photo P08_S185_v1.jpg | timestamp from photo EXIF; lat/lon (approx. near Admin building), height_cm, canopy % are random placeholders"
P08,missing,S186,2026-09-27T15:30:55,26.191877,91.692995,,none,no,none,yes,49,,observed,"Admin building: Muddy track with small puddle | photo P08_S186_v1.jpg | timestamp from photo EXIF; lat/lon (approx. near Admin building), height_cm, canopy % are random placeholders"
P08,missing,S187,2026-09-27T15:30:56,26.191879,91.693115,,none,no,none,yes,41,,observed,"Admin building: Muddy track edge with standing water; weeds at side | photo P08_S187_v1.jpg | timestamp from photo EXIF; lat/lon (approx. near Admin building), height_cm, canopy % are random placeholders"
P08,missing,S188,2026-09-27T15:30:57,26.19196,91.693172,,none,no,none,yes,56,,observed,"Admin building: Muddy track edge with standing water; weeds at side | photo P08_S188_v1.jpg | timestamp from photo EXIF; lat/lon (approx. near Admin building), height_cm, canopy % are random placeholders"
P08,missing,S189,2026-09-27T15:30:58,26.191802,91.693187,,none,no,none,yes,65,,observed,"Admin building: Muddy track edge with standing water; weeds at side | photo P08_S189_v1.jpg | timestamp from photo EXIF; lat/lon (approx. near Admin building), height_cm, canopy % are random placeholders"
P08,missing,S190,2026-09-27T15:30:59,26.191704,91.693328,,none,no,none,yes,64,,observed,"Admin building: Muddy track edge with standing water; weeds at side | photo P08_S190_v1.jpg | timestamp from photo EXIF; lat/lon (approx. near Admin building), height_cm, canopy % are random placeholders"
P08,missing,S191,2026-09-27T15:31:00,26.191703,91.693268,,none,no,none,yes,65,,observed,"Admin building: Muddy track edge with standing water; weeds at side | photo P08_S191_v1.jpg | timestamp from photo EXIF; lat/lon (approx. near Admin building), height_cm, canopy % are random placeholders"
P08,missing,S192,2026-09-27T15:31:01,26.191313,91.693149,,none,no,none,yes,65,,observed,"Admin building: Muddy track edge with standing water; weeds at side | photo P08_S192_v1.jpg | timestamp from photo EXIF; lat/lon (approx. near Admin building), height_cm, canopy % are random placeholders"
P08,missing,S193,2026-09-27T15:31:02,26.192014,91.693146,,none,no,none,yes,62,,observed,"Admin building: Muddy track edge with standing water; plastic bottle litter | photo P08_S193_v1.jpg | timestamp from photo EXIF; lat/lon (approx. near Admin building), height_cm, canopy % are random placeholders"
P08,missing,S194,2026-09-27T15:31:03,26.191814,91.692668,,none,no,none,yes,41,,observed,"Admin building: Standing water at track edge; a self-sown Colocasia (taro) leaf and plastic bottle | photo P08_S194_v1.jpg | timestamp from photo EXIF; lat/lon (approx. near Admin building), height_cm, canopy % are random placeholders"
P08,missing,S195,2026-09-27T15:31:04,26.191406,91.692889,,none,no,none,yes,43,,observed,"Admin building: Muddy track edge with standing water; weeds at side | photo P08_S195_v1.jpg | timestamp from photo EXIF; lat/lon (approx. near Admin building), height_cm, canopy % are random placeholders"
P08,missing,S196,2026-09-27T15:31:05,26.191601,91.692961,,none,no,none,yes,41,,observed,"Admin building: Muddy track with standing water; red plastic litter | photo P08_S196_v1.jpg | timestamp from photo EXIF; lat/lon (approx. near Admin building), height_cm, canopy % are random placeholders"
P08,missing,S197,2026-09-27T15:31:06,26.191802,91.693101,,none,no,none,yes,61,,observed,"Admin building: Muddy track edge with standing water; weeds at side | photo P08_S197_v1.jpg | timestamp from photo EXIF; lat/lon (approx. near Admin building), height_cm, canopy % are random placeholders"
P09,missing,S198,2026-09-27T15:31:07,26.187096,91.691311,,none,no,none,yes,54,,observed,"Core-5: Standing water/puddle on track; weeds at edge; no sapling | photo P09_S198_v1.jpg | timestamp from photo EXIF; lat/lon (approx. near Core-5), height_cm, canopy % are random placeholders"
P09,missing,S199,2026-09-27T15:31:08,26.187538,91.691699,,none,no,none,yes,56,,observed,"Core-5: Standing water/puddle on track; weeds at edge; no sapling | photo P09_S199_v1.jpg | timestamp from photo EXIF; lat/lon (approx. near Core-5), height_cm, canopy % are random placeholders"
P09,missing,S200,2026-09-27T15:31:24,26.187618,91.691174,,none,no,none,yes,56,,observed,"Core-5: Standing water/puddle on track; weeds at edge; no sapling | photo P09_S200_v1.jpg | timestamp from photo EXIF; lat/lon (approx. near Core-5), height_cm, canopy % are random placeholders"
P09,missing,S201,2026-09-27T15:31:25,26.186953,91.691689,,none,no,none,yes,48,,observed,"Core-5: Standing water/puddle on track; weeds at edge; no sapling | photo P09_S201_v1.jpg | timestamp from photo EXIF; lat/lon (approx. near Core-5), height_cm, canopy % are random placeholders"
P09,missing,S202,2026-09-27T15:31:26,26.187547,91.691777,,none,no,none,yes,47,,observed,"Core-5: Standing water with weeds and plastic bottle; no sapling | photo P09_S202_v1.jpg | timestamp from photo EXIF; lat/lon (approx. near Core-5), height_cm, canopy % are random placeholders"
P09,missing,S203,2026-09-27T15:31:27,26.187483,91.691264,,none,no,none,yes,63,,observed,"Core-5: Standing water with weeds and plastic bottle; no sapling | photo P09_S203_v1.jpg | timestamp from photo EXIF; lat/lon (approx. near Core-5), height_cm, canopy % are random placeholders"
P09,missing,S204,2026-09-27T15:31:28,26.18742,91.691468,,none,no,none,yes,52,,observed,"Core-5: Standing water/puddle on track; weeds at edge; no sapling | photo P09_S204_v1.jpg | timestamp from photo EXIF; lat/lon (approx. near Core-5), height_cm, canopy % are random placeholders"
P09,missing,S205,2026-09-27T15:31:29,26.186961,91.691828,,none,no,none,yes,49,,observed,"Core-5: Standing water/puddle on track; weeds at edge; no sapling | photo P09_S205_v1.jpg | timestamp from photo EXIF; lat/lon (approx. near Core-5), height_cm, canopy % are random placeholders"
P09,missing,S206,2026-09-27T15:31:30,26.187514,91.691594,,none,no,none,yes,60,,observed,"Core-5: Standing water/puddle on track; weeds at edge; no sapling | photo P09_S206_v1.jpg | timestamp from photo EXIF; lat/lon (approx. near Core-5), height_cm, canopy % are random placeholders"
P09,missing,S207,2026-09-27T15:31:31,26.187059,91.69158,,none,no,none,yes,50,,observed,"Core-5: Standing water/puddle on track; weeds at edge; no sapling | photo P09_S207_v1.jpg | timestamp from photo EXIF; lat/lon (approx. near Core-5), height_cm, canopy % are random placeholders"
P09,missing,S208,2026-09-27T15:31:33,26.187103,91.691695,,none,no,none,yes,49,,observed,"Core-5: Standing water/puddle on track; weeds at edge; no sapling | photo P09_S208_v1.jpg | timestamp from photo EXIF; lat/lon (approx. near Core-5), height_cm, canopy % are random placeholders"
P09,missing,S209,2026-09-27T15:31:39,26.187397,91.691207,,none,no,none,yes,55,,observed,"Core-5: Standing water/puddle on track; weeds at edge; no sapling | photo P09_S209_v1.jpg | timestamp from photo EXIF; lat/lon (approx. near Core-5), height_cm, canopy % are random placeholders"
P09,missing,S210,2026-09-27T15:31:40,26.186949,91.691315,,none,no,none,yes,61,,observed,"Core-5: Standing water/puddle on track; weeds at edge; no sapling | photo P09_S210_v1.jpg | timestamp from photo EXIF; lat/lon (approx. near Core-5), height_cm, canopy % are random placeholders"
P09,missing,S211,2026-09-27T15:31:41,26.18698,91.691274,,none,no,none,yes,55,,observed,"Core-5: Large puddle on gravel track; no sapling | photo P09_S211_v1.jpg | timestamp from photo EXIF; lat/lon (approx. near Core-5), height_cm, canopy % are random placeholders"
P09,missing,S211,2026-09-27T15:31:42,26.18698,91.691274,,none,no,none,yes,55,,observed,"Core-5: Large puddle on gravel track; no sapling | photo P09_S211_v2.jpg | timestamp from photo EXIF; lat/lon (approx. near Core-5), height_cm, canopy % are random placeholders"
P09,missing,S211,2026-09-27T15:31:43,26.18698,91.691274,,none,no,none,yes,55,,observed,"Core-5: Large puddle on gravel track; no sapling | photo P09_S211_v3.jpg | timestamp from photo EXIF; lat/lon (approx. near Core-5), height_cm, canopy % are random placeholders"
P09,missing,S211,2026-09-27T15:31:44,26.18698,91.691274,,none,no,none,yes,55,,observed,"Core-5: Large puddle on gravel track; no sapling | photo P09_S211_v4.jpg | timestamp from photo EXIF; lat/lon (approx. near Core-5), height_cm, canopy % are random placeholders"
P09,missing,S211,2026-09-27T15:31:44,26.18698,91.691274,,none,no,none,yes,55,,observed,"Core-5: Large puddle on gravel track; no sapling | photo P09_S211_v5.jpg | timestamp from photo EXIF; lat/lon (approx. near Core-5), height_cm, canopy % are random placeholders"
P09,missing,S212,2026-09-27T15:31:45,26.187133,91.691513,,none,no,none,yes,54,,observed,"Core-5: Standing water/puddle on track; weeds at edge; no sapling | photo P09_S212_v1.jpg | timestamp from photo EXIF; lat/lon (approx. near Core-5), height_cm, canopy % are random placeholders"
P09,missing,S213,2026-09-27T15:31:46,26.187273,91.691714,,none,no,none,yes,57,,observed,"Core-5: Standing water/puddle on track; weeds at edge; no sapling | photo P09_S213_v1.jpg | timestamp from photo EXIF; lat/lon (approx. near Core-5), height_cm, canopy % are random placeholders"
P09,missing,S214,2026-09-27T15:31:47,26.187059,91.691883,,none,no,none,no,55,,observed,"Core-5: No sapling; roadside weeds by boundary wall | photo P09_S214_v1.jpg | timestamp from photo EXIF; lat/lon (approx. near Core-5), height_cm, canopy % are random placeholders"
P09,missing,S215,2026-09-27T15:31:48,26.186914,91.691467,,none,no,none,no,56,,observed,"Core-5: No sapling; roadside drain and wall | photo P09_S215_v1.jpg | timestamp from photo EXIF; lat/lon (approx. near Core-5), height_cm, canopy % are random placeholders"
P09,missing,S216,2026-09-27T15:31:49,26.187674,91.69146,,none,no,none,yes,78,,observed,"Core-5: Gravel track with puddle; no sapling | photo P09_S216_v1.jpg | timestamp from photo EXIF; lat/lon (approx. near Core-5), height_cm, canopy % are random placeholders"
P09,missing,S217,2026-09-27T15:31:51,26.187209,91.691833,,none,no,none,no,76,,observed,"Core-5: No sapling; gravel | photo P09_S217_v1.jpg | timestamp from photo EXIF; lat/lon (approx. near Core-5), height_cm, canopy % are random placeholders"
P09,missing,S218,2026-09-27T15:31:51,26.18696,91.691172,,none,no,none,no,86,,observed,"Core-5: BLURRED - not assessable, recheck/retake. Gravel | photo P09_S218_v1.jpg | timestamp from photo EXIF; lat/lon (approx. near Core-5), height_cm, canopy % are random placeholders"
P09,missing,S219,2026-09-27T15:31:53,26.187109,91.691388,,none,no,none,no,89,,observed,"Core-5: No sapling; gravel track | photo P09_S219_v1.jpg | timestamp from photo EXIF; lat/lon (approx. near Core-5), height_cm, canopy % are random placeholders"
